site,species,x,y,distance.to.tree.m,soil.depth.cm
McGilvra Woods,Sanguinaria canadensis,9.6,3.6,1.8,50
McGilvra Woods,Trillium flexipes,13,0,3.4,50
McGilvra Woods,Trillium flexipes,8.9,0.4,0.5,50
McGilvra Woods,Trillium flexipes,17.4,4,2.3,50
McGilvra Woods,Anemone acutiloba,16.3,3.4,1.9,18
McGilvra Woods,Anemone acutiloba,16.3,1.5,0.6,11
McGilvra Woods,Anemone acutiloba,17.7,1.1,0.4,13
McGilvra Woods,Anemone acutiloba,17.4,0.4,0.4,30
McGilvra Woods,Trillium flexipes,18.4,0.8,1.1,45
McGilvra Woods,Anemone acutiloba,18.3,1.1,0.8,48
McGilvra Woods,Anemone acutiloba,18.6,1.5,0.2,18
McGilvra Woods,Anemone acutiloba,20.3,0.5,0.3,17
McGilvra Woods,Anemone acutiloba,21.5,0.3,0.9,50
McGilvra Woods,Anemone acutiloba,21.7,0.4,1,37
McGilvra Woods,Trillium flexipes,22,2.5,0.5,40
McGilvra Woods,Anemone acutiloba,24.9,0.6,0.8,50
McGilvra Woods,Anemone acutiloba,24.9,1.3,0.8,22
McGilvra Woods,Anemone acutiloba,26.9,1.4,1,10
McGilvra Woods,Trillium flexipes,27.6,1.9,1.4,50
McGilvra Woods,Trillium flexipes,32.6,0.9,2.9,50
McGilvra Woods,Trillium flexipes,33.1,1.6,2.2,44
McGilvra Woods,Trillium flexipes,34.8,0.5,1.5,45
McGilvra Woods,Trillium flexipes,33.4,3.2,2.1,44
McGilvra Woods,Trillium flexipes,34.1,2.7,1.4,42
McGilvra Woods,Trillium flexipes,34.3,3.8,1.5,46
McGilvra Woods,Trillium flexipes,34.7,3.7,1.6,50
McGilvra Woods,Trillium flexipes,35.9,2.5,0.2,12
McGilvra Woods,Trillium flexipes,36,2.8,0.6,40
McGilvra Woods,Trillium flexipes,36.5,4.8,1.7,50
McGilvra Woods,Trillium flexipes,36.9,4.6,2.2,50
McGilvra Woods,Trillium flexipes,37.9,4.3,2.5,47
McGilvra Woods,Trillium flexipes,39.7,2.9,1.1,27
McGilvra Woods,Trillium flexipes,40.9,2.4,0.5,15
McGilvra Woods,Anemone acutiloba,41.1,2.5,0.6,15
McGilvra Woods,Trillium flexipes,41.3,2.8,1,50
McGilvra Woods,Trillium flexipes,41.9,2.3,0.2,43
McGilvra Woods,Trillium flexipes,42.1,2.7,0.7,50
McGilvra Woods,Anemone acutiloba,49.9,3.9,1.6,6
McGilvra Woods,Sanguinaria canadensis,16.1,1.1,1.2,50
McGilvra Woods,Sanguinaria canadensis,15.8,1.2,1.3,50
McGilvra Woods,Sanguinaria canadensis,17.7,2,0.9,17
McGilvra Woods,Sanguinaria canadensis,17.7,1.8,0.8,10
McGilvra Woods,Trillium flexipes,49.8,7.9,3.1,17
McGilvra Woods,Trillium flexipes,42,8.5,0.3,9
McGilvra Woods,Trillium flexipes,40.3,7.8,2.2,50
McGilvra Woods,Trillium flexipes,40.1,5.5,2.7,50
McGilvra Woods,Anemone acutiloba,37.9,7.1,0.3,14
McGilvra Woods,Anemone acutiloba,36.8,7.7,0.4,11
McGilvra Woods,Trillium flexipes,36.3,7.5,0.2,3
McGilvra Woods,Trillium flexipes,36.1,8.2,1.3,50
McGilvra Woods,Trillium flexipes,36.4,10,1,41
McGilvra Woods,Sanguinaria canadensis,35.8,8.7,1.8,21
McGilvra Woods,Trillium flexipes,33.5,9.8,2.6,50
McGilvra Woods,Trillium flexipes,32,8.5,1.7,50
McGilvra Woods,Anemone acutiloba,30.4,7.5,0.4,42
McGilvra Woods,Sanguinaria canadensis,22.7,9.7,0.5,26
McGilvra Woods,Sanguinaria canadensis,22.6,9.8,0.6,40
McGilvra Woods,Sanguinaria canadensis,22.8,9.9,0.5,13
McGilvra Woods,Trillium flexipes,19.2,7.6,1.7,50
McGilvra Woods,Trillium flexipes,18.8,7.2,2,50
McGilvra Woods,Trillium flexipes,18.5,8.1,1.9,50
McGilvra Woods,Trillium flexipes,17.1,9.5,1.1,50
McGilvra Woods,Trillium flexipes,17,9.2,1.3,50
McGilvra Woods,Trillium flexipes,16.8,9.3,1.4,50
McGilvra Woods,Trillium flexipes,16.6,9.4,1.4,50
McGilvra Woods,Trillium flexipes,15.9,9.1,2.1,50
McGilvra Woods,Trillium flexipes,15.9,9.6,2.2,22
McGilvra Woods,Trillium flexipes,15.8,9.6,2.3,50
McGilvra Woods,Trillium flexipes,15.6,9.9,2.1,50
McGilvra Woods,Trillium flexipes,16.4,6.6,2.2,50
McGilvra Woods,Trillium flexipes,14.7,7.2,1.4,48
McGilvra Woods,Trillium flexipes,14.5,6.9,1.1,50
McGilvra Woods,Trillium flexipes,13.1,7.7,2.2,50
McGilvra Woods,Trillium flexipes,12,5.9,1.9,50
McGilvra Woods,Trillium flexipes,10.5,6.7,2.7,24
McGilvra Woods,Trillium flexipes,9.4,9.6,1.1,25
McGilvra Woods,Trillium flexipes,9.3,9.4,0.6,40
McGilvra Woods,Trillium flexipes,9,8.2,0.5,50
McGilvra Woods,Anemone acutiloba,7.9,8.1,0.5,7
McGilvra Woods,Anemone acutiloba,8.2,8.1,0.5,2
McGilvra Woods,Anemone acutiloba,8.5,9.8,0.5,7
McGilvra Woods,Anemone acutiloba,7.5,8.9,1,10
McGilvra Woods,Sanguinaria canadensis,6.1,8,1.8,50
McGilvra Woods,Trillium flexipes,8,10,0.8,50
McGilvra Woods,Trillium flexipes,7.4,9.3,0.8,50
McGilvra Woods,Trillium flexipes,7.2,8.5,1,18
McGilvra Woods,Trillium flexipes,7.1,5.9,1.1,50
McGilvra Woods,Trillium flexipes,6.4,6.5,0.2,18
McGilvra Woods,Trillium flexipes,6,6.4,0.7,34
McGilvra Woods,Trillium flexipes,5.8,6.7,0.5,10
McGilvra Woods,Anemone acutiloba,6.2,6.4,0.5,33
McGilvra Woods,Trillium flexipes,5.7,7.9,0.7,50
McGilvra Woods,Trillium flexipes,3.6,9.6,3.1,50
McGilvra Woods,Trillium flexipes,3.5,8.5,3.1,11
McGilvra Woods,Trillium flexipes,2,7.9,4.6,50
McGilvra Woods,Trillium flexipes,1.3,10.5,4.1,16
McGilvra Woods,Trillium flexipes,1.7,10.6,3.8,50
McGilvra Woods,Trillium flexipes,0.8,11.7,3.7,50
McGilvra Woods,Trillium flexipes,1.9,11.7,2.9,50
McGilvra Woods,Trillium flexipes,2.3,10.5,3.4,50
McGilvra Woods,Trillium flexipes,1.6,13,2.4,50
McGilvra Woods,Trillium flexipes,0.6,15,3.9,50
McGilvra Woods,Trillium flexipes,0.4,14.4,3.9,16
McGilvra Woods,Trillium flexipes,0.7,14.2,3.6,50
McGilvra Woods,Trillium flexipes,3.4,11.6,2.1,50
McGilvra Woods,Anemone acutiloba,3.9,12,1.2,28
McGilvra Woods,Trillium flexipes,3.7,13,0.5,24
McGilvra Woods,Anemone acutiloba,3.6,14.3,0.4,31
McGilvra Woods,Anemone acutiloba,4.1,14.4,0.2,24
McGilvra Woods,Trillium flexipes,4.7,14.5,0.1,16
McGilvra Woods,Trillium flexipes,4.7,13.3,0.2,26
McGilvra Woods,Trillium flexipes,6,14.2,0.8,9
McGilvra Woods,Trillium flexipes,7,13.8,0.8,50
McGilvra Woods,Trillium flexipes,7.3,13.7,0.7,48
McGilvra Woods,Anemone acutiloba,5.7,11.9,0.2,23
McGilvra Woods,Trillium flexipes,6.5,11.3,1.1,22
McGilvra Woods,Sanguinaria canadensis,7.4,11.9,1.3,23
McGilvra Woods,Sanguinaria canadensis,7.3,12,1.2,50
McGilvra Woods,Sanguinaria canadensis,7.5,12,1.2,47
McGilvra Woods,Trillium flexipes,8.6,14,1.1,50
McGilvra Woods,Anemone acutiloba,8.8,11.5,0.6,14
McGilvra Woods,Trillium flexipes,8.6,11.1,1.1,50
McGilvra Woods,Anemone acutiloba,8.8,10.9,1.3,21
McGilvra Woods,Anemone acutiloba,9.1,12,0.1,22
McGilvra Woods,Sanguinaria canadensis,10.6,11.2,1.7,18
McGilvra Woods,Sanguinaria canadensis,11.5,12.3,2.1,50
McGilvra Woods,Sanguinaria canadensis,11.6,12.3,2.3,50
McGilvra Woods,Trillium flexipes,14.5,13.8,1.9,50
McGilvra Woods,Trillium flexipes,16.8,10.3,1.5,50
McGilvra Woods,Trillium flexipes,17.1,10.1,1.1,50
McGilvra Woods,Trillium flexipes,17.5,10.3,0.8,50
McGilvra Woods,Sanguinaria canadensis,18.6,11.2,1.3,50
McGilvra Woods,Trillium flexipes,18.9,14.9,1.1,38
McGilvra Woods,Sanguinaria canadensis,20,14.4,0.2,50
McGilvra Woods,Sanguinaria canadensis,22.5,13.1,1.3,50
McGilvra Woods,Sanguinaria canadensis,22.4,13.6,1.1,50
McGilvra Woods,Sanguinaria canadensis,23.6,14.6,0.4,50
McGilvra Woods,Sanguinaria canadensis,23.3,10.4,0.9,50
McGilvra Woods,Sanguinaria canadensis,23.4,10.5,0.9,22
McGilvra Woods,Sanguinaria canadensis,27.9,13.2,3.9,50
McGilvra Woods,Sanguinaria canadensis,28.1,13.4,4,50
McGilvra Woods,Trillium flexipes,33.1,11,2.5,26
McGilvra Woods,Trillium flexipes,33.7,11.2,2,50
McGilvra Woods,Trillium flexipes,33.4,10.2,2.1,50
McGilvra Woods,Trillium flexipes,34.5,11.2,1.3,50
McGilvra Woods,Trillium flexipes,36.1,13.4,2.9,50
McGilvra Woods,Trillium flexipes,36.5,13.4,2.9,50
McGilvra Woods,Trillium flexipes,37.1,12.9,2.7,50
McGilvra Woods,Trillium flexipes,36.6,11.6,1.3,50
McGilvra Woods,Trillium flexipes,38.1,12,2.7,50
McGilvra Woods,Sanguinaria canadensis,38.6,12,3.3,50
McGilvra Woods,Trillium flexipes,39.8,13.9,2.7,50
McGilvra Woods,Sanguinaria canadensis,40,13.5,3,50
McGilvra Woods,Sanguinaria canadensis,40.1,13.4,2.8,50
McGilvra Woods,Trillium flexipes,41.6,15,0.5,40
McGilvra Woods,Trillium flexipes,41.5,10.9,0.4,50
McGilvra Woods,Sanguinaria canadensis,42.1,11,0.2,22
McGilvra Woods,Trillium flexipes,43.9,10.5,1.8,29
McGilvra Woods,Trillium flexipes,44.3,11.1,2.5,50
McGilvra Woods,Anemone acutiloba,44.3,10.9,2.3,50
McGilvra Woods,Anemone acutiloba,44.1,11.3,2.6,27
McGilvra Woods,Trillium flexipes,46,11.1,2.9,50
McGilvra Woods,Anemone acutiloba,44.8,12.1,2.6,50
McGilvra Woods,Sanguinaria canadensis,44,12.4,2.1,39
McGilvra Woods,Sanguinaria canadensis,44.6,12.6,2.2,44
McGilvra Woods,Sanguinaria canadensis,44.8,12.4,2.6,12
McGilvra Woods,Sanguinaria canadensis,45,11.8,3.2,32
McGilvra Woods,Sanguinaria canadensis,45.1,11.9,3.2,39
McGilvra Woods,Sanguinaria canadensis,45,12,3.1,50
McGilvra Woods,Trillium flexipes,44.7,10.2,2.1,50
McGilvra Woods,Sanguinaria canadensis,43.7,13.8,1.2,44
McGilvra Woods,Anemone acutiloba,43.5,13.3,1.4,50
McGilvra Woods,Anemone acutiloba,42.9,13.3,1.4,11
McGilvra Woods,Anemone acutiloba,42.6,13.2,1.6,17
McGilvra Woods,Anemone acutiloba,44.4,14.9,1.2,11
McGilvra Woods,Trillium flexipes,45.5,14.7,1.5,50
McGilvra Woods,Anemone acutiloba,44.5,14.6,1.1,50
McGilvra Woods,Anemone acutiloba,44.4,14.3,1.4,8
McGilvra Woods,Anemone acutiloba,44.9,13.9,1.6,36
McGilvra Woods,Sanguinaria canadensis,44.8,13.8,1.9,27
McGilvra Woods,Anemone acutiloba,45.6,12.8,3,50
McGilvra Woods,Trillium flexipes,46,12.6,3.4,50
McGilvra Woods,Anemone acutiloba,46.4,13.2,2.7,20
McGilvra Woods,Anemone acutiloba,46.6,13.8,2,30
McGilvra Woods,Anemone acutiloba,47.4,15,0.6,25
McGilvra Woods,Anemone acutiloba,47.6,14.9,1,4
McGilvra Woods,Sanguinaria canadensis,47.4,13.7,2,50
McGilvra Woods,Anemone acutiloba,47.5,13.3,2.4,45
McGilvra Woods,Anemone acutiloba,47.4,13.3,2.4,50
McGilvra Woods,Anemone acutiloba,47.7,13.2,2.6,17
McGilvra Woods,Sanguinaria canadensis,48,13.3,2.5,50
McGilvra Woods,Sanguinaria canadensis,48,13.2,2.3,50
McGilvra Woods,Sanguinaria canadensis,48.1,12.8,2,50
McGilvra Woods,Sanguinaria canadensis,47.8,11.9,1.6,50
McGilvra Woods,Anemone acutiloba,47.3,11.2,2.2,50
McGilvra Woods,Anemone acutiloba,47.4,10.6,1.8,32
McGilvra Woods,Trillium flexipes,47.5,10.5,1.7,50
McGilvra Woods,Anemone acutiloba,47.5,10.6,1.7,50
McGilvra Woods,Anemone acutiloba,48.7,10.8,0.4,7
McGilvra Woods,Anemone acutiloba,49,11.6,0.4,50
McGilvra Woods,Trillium flexipes,48.6,12.9,1.8,20
McGilvra Woods,Sanguinaria canadensis,48.6,13.1,1.9,48
McGilvra Woods,Sanguinaria canadensis,48.6,13.2,2.2,43
McGilvra Woods,Sanguinaria canadensis,48.9,13.1,1.9,49
McGilvra Woods,Sanguinaria canadensis,48.8,13.3,2.1,27
McGilvra Woods,Sanguinaria canadensis,48.9,13.2,2,50
McGilvra Woods,Sanguinaria canadensis,48.9,13.3,2.1,18
McGilvra Woods,Trillium flexipes,48.5,14.7,2.4,50
McGilvra Woods,Trillium flexipes,48.7,14.9,2.6,50
McGilvra Woods,Trillium flexipes,0.5,15.1,4,50
McGilvra Woods,Trillium flexipes,0.5,15.3,4,50
McGilvra Woods,Anemone acutiloba,3.2,17,3.1,50
McGilvra Woods,Trillium flexipes,3,18.7,2.6,50
McGilvra Woods,Trillium flexipes,3.6,19.1,2.4,50
McGilvra Woods,Sanguinaria canadensis,3.9,18.7,2.7,50
McGilvra Woods,Sanguinaria canadensis,3.9,18.4,3.1,50
McGilvra Woods,Sanguinaria canadensis,3.9,18.6,2.9,12
McGilvra Woods,Trillium flexipes,4.1,19.2,2.6,47
McGilvra Woods,Trillium flexipes,4.9,19.1,3.4,50
McGilvra Woods,Trillium flexipes,5.5,17.5,2.4,38
McGilvra Woods,Anemone acutiloba,7.4,16.8,0.7,10
McGilvra Woods,Anemone acutiloba,6.9,17.2,0.9,24
McGilvra Woods,Sanguinaria canadensis,7.3,18.8,1.2,50
McGilvra Woods,Sanguinaria canadensis,7.4,18.7,1,24
McGilvra Woods,Sanguinaria canadensis,7.6,18.8,0.9,20
McGilvra Woods,Sanguinaria canadensis,7.4,18.9,1,41
McGilvra Woods,Sanguinaria canadensis,7.6,19,1,20
McGilvra Woods,Sanguinaria canadensis,7.4,19,1.1,13
McGilvra Woods,Sanguinaria canadensis,9.1,19,1.2,50
McGilvra Woods,Anemone acutiloba,8.8,16,0.7,22
McGilvra Woods,Trillium flexipes,9.1,16.5,0.9,29
McGilvra Woods,Trillium flexipes,8.9,15.6,1.5,7
McGilvra Woods,Sanguinaria canadensis,9.9,16.9,1.1,50
McGilvra Woods,Trillium flexipes,10.4,17.5,1.7,50
McGilvra Woods,Trillium flexipes,10.8,17.8,2,50
McGilvra Woods,Trillium flexipes,4.2,17,0.7,50
McGilvra Woods,Trillium flexipes,16.1,16.2,2.4,50
McGilvra Woods,Sanguinaria canadensis,17.6,16.5,3.9,50
McGilvra Woods,Sanguinaria canadensis,18.6,15.5,2.8,50
McGilvra Woods,Anemone acutiloba,18,18.3,2.6,21
McGilvra Woods,Trillium flexipes,17.8,18.9,2.6,13
McGilvra Woods,Sanguinaria canadensis,23.4,15.6,1.9,50
McGilvra Woods,Trillium flexipes,24.2,16.9,1.1,50
McGilvra Woods,Sanguinaria canadensis,25.5,17.2,1.1,17
McGilvra Woods,Trillium flexipes,25.6,17.4,1.2,50
McGilvra Woods,Sanguinaria canadensis,25.9,17.2,1.4,50
McGilvra Woods,Sanguinaria canadensis,27.1,18,2.4,50
McGilvra Woods,Sanguinaria canadensis,28.2,19.2,3.1,50
McGilvra Woods,Trillium flexipes,25.9,15.4,2.4,50
McGilvra Woods,Trillium flexipes,26.1,15.2,2.4,50
McGilvra Woods,Sanguinaria canadensis,29.3,16.2,4.2,50
McGilvra Woods,Sanguinaria canadensis,29.8,15.3,4.1,50
McGilvra Woods,Anemone acutiloba,32.4,15.7,1.7,50
McGilvra Woods,Sanguinaria canadensis,32.9,16.3,1.2,50
McGilvra Woods,Sanguinaria canadensis,32.7,17.4,1,50
McGilvra Woods,Sanguinaria canadensis,33.2,17.2,0.4,50
McGilvra Woods,Sanguinaria canadensis,34.8,18.6,1,9
McGilvra Woods,Sanguinaria canadensis,35,19.4,1.8,20
McGilvra Woods,Sanguinaria canadensis,36,18.4,1.9,35
McGilvra Woods,Sanguinaria canadensis,35.8,17,1.5,50
McGilvra Woods,Trillium flexipes,36.5,19.2,1,22
McGilvra Woods,Sanguinaria canadensis,36.5,18.4,1.6,50
McGilvra Woods,Sanguinaria canadensis,36.7,18.4,1.6,50
McGilvra Woods,Sanguinaria canadensis,36.7,17.7,2.2,16
McGilvra Woods,Anemone acutiloba,36.5,17,2.1,16
McGilvra Woods,Trillium flexipes,37,15.6,3.2,17
McGilvra Woods,Sanguinaria canadensis,37.2,15.9,3.3,50
McGilvra Woods,Trillium flexipes,37.8,15.4,4.3,50
McGilvra Woods,Trillium flexipes,37.9,15.6,4.1,50
McGilvra Woods,Sanguinaria canadensis,39.6,15.5,3.2,50
McGilvra Woods,Sanguinaria canadensis,39.8,16.3,3.1,50
McGilvra Woods,Anemone acutiloba,39.9,16.2,3.1,12
McGilvra Woods,Anemone acutiloba,39.3,17.4,2.2,31
McGilvra Woods,Trillium flexipes,38.8,19.2,0.5,27
McGilvra Woods,Sanguinaria canadensis,39.2,20,0.2,43
McGilvra Woods,Anemone acutiloba,39.6,18.7,1.2,16
McGilvra Woods,Trillium flexipes,40.4,18.5,1.4,50
McGilvra Woods,Sanguinaria canadensis,40.5,17.7,2,50
McGilvra Woods,Sanguinaria canadensis,40.5,17.8,2,50
McGilvra Woods,Anemone acutiloba,40.5,17.3,2.7,18
McGilvra Woods,Trillium flexipes,41.3,17.6,2.3,50
McGilvra Woods,Anemone acutiloba,41.4,17.2,1.9,23
McGilvra Woods,Anemone acutiloba,41.5,19.4,0.7,50
McGilvra Woods,Anemone acutiloba,40.9,18.8,1,50
McGilvra Woods,Anemone acutiloba,41.5,18.7,1.1,50
McGilvra Woods,Anemone acutiloba,41.6,18.6,1.2,50
McGilvra Woods,Sanguinaria canadensis,42.3,18,1.9,50
McGilvra Woods,Trillium flexipes,42.6,17.1,1.9,50
McGilvra Woods,Anemone acutiloba,42,17.2,1.4,14
McGilvra Woods,Trillium flexipes,42.7,16.6,0.6,28
McGilvra Woods,Anemone acutiloba,42.6,15.1,0.4,18
McGilvra Woods,Anemone acutiloba,42.3,16,0.5,21
McGilvra Woods,Anemone acutiloba,42.3,15.7,0.3,33
McGilvra Woods,Trillium flexipes,42.5,15.2,0.4,15
McGilvra Woods,Sanguinaria canadensis,42.9,18,2,50
McGilvra Woods,Sanguinaria canadensis,43.3,18.2,2.3,50
McGilvra Woods,Anemone acutiloba,43.5,18.8,2.5,50
McGilvra Woods,Trillium flexipes,43.3,16.6,0.3,20
McGilvra Woods,Trillium flexipes,44,17.2,1,44
McGilvra Woods,Anemone acutiloba,44.2,17.6,1.6,50
McGilvra Woods,Anemone acutiloba,44.3,17.7,1.9,50
McGilvra Woods,Anemone acutiloba,44.2,17,1.3,42
McGilvra Woods,Anemone acutiloba,44.4,18.8,2.9,50
McGilvra Woods,Anemone acutiloba,44.5,18.7,3,36
McGilvra Woods,Anemone acutiloba,44.7,18.7,2.9,35
McGilvra Woods,Anemone acutiloba,44.8,18.4,2.8,32
McGilvra Woods,Trillium flexipes,44.8,19.1,2.8,50
McGilvra Woods,Trillium flexipes,44.9,18.2,2,50
McGilvra Woods,Anemone acutiloba,44.8,18,1.6,29
McGilvra Woods,Trillium flexipes,45.6,19,2.6,50
McGilvra Woods,Trillium flexipes,46,17.4,1.2,50
McGilvra Woods,Trillium flexipes,45.9,17.9,0.8,50
McGilvra Woods,Sanguinaria canadensis,45.8,17,0.7,26
McGilvra Woods,Anemone acutiloba,46.2,16.5,0.9,20
McGilvra Woods,Anemone acutiloba,45.8,15.6,0.8,36
McGilvra Woods,Trillium flexipes,45.6,16.6,0.3,8
McGilvra Woods,Trillium flexipes,45.2,16.7,0.4,15
McGilvra Woods,Anemone acutiloba,45.1,16.7,0.5,25
McGilvra Woods,Anemone acutiloba,45,16.8,0.8,21
McGilvra Woods,Anemone acutiloba,45.1,17.7,0.4,21
McGilvra Woods,Sanguinaria canadensis,44.9,16.5,0.5,46
McGilvra Woods,Trillium flexipes,44.5,16.7,0.8,39
McGilvra Woods,Trillium flexipes,44.5,16,0.8,50
McGilvra Woods,Sanguinaria canadensis,45.2,16.1,0.3,23
McGilvra Woods,Anemone acutiloba,45.5,15.4,0.8,14
McGilvra Woods,Sanguinaria canadensis,46.3,15.8,0.4,11
McGilvra Woods,Anemone acutiloba,46.4,15.9,0.3,7
McGilvra Woods,Anemone acutiloba,47.1,15.3,0.2,14
McGilvra Woods,Sanguinaria canadensis,46.9,15.3,0.2,6
McGilvra Woods,Sanguinaria canadensis,47.3,15.1,0.6,26
McGilvra Woods,Anemone acutiloba,47.8,15.5,0.9,21
McGilvra Woods,Trillium flexipes,48,15.6,1,40
McGilvra Woods,Anemone acutiloba,47.7,15.9,0.9,14
McGilvra Woods,Trillium flexipes,47.6,16.1,0.8,33
McGilvra Woods,Anemone acutiloba,47.5,16.4,1,15
McGilvra Woods,Sanguinaria canadensis,47.6,17.4,1.9,50
McGilvra Woods,Sanguinaria canadensis,48.2,17.7,2.4,50
McGilvra Woods,Sanguinaria canadensis,48.1,18,2.6,17
McGilvra Woods,Sanguinaria canadensis,48.4,18,2.7,50
McGilvra Woods,Trillium flexipes,48.9,18.8,3.7,50
McGilvra Woods,Anemone acutiloba,49,17.7,2.9,34
McGilvra Woods,Anemone acutiloba,48.6,16.8,2.1,50
McGilvra Woods,Anemone acutiloba,48.7,16.4,1.9,9
McGilvra Woods,Trillium flexipes,49,15.9,2.1,50
McGilvra Woods,Trillium flexipes,6,24,4.3,16
McGilvra Woods,Trillium flexipes,8.8,22.2,2.6,50
McGilvra Woods,Trillium flexipes,14.2,21.6,2.7,50
McGilvra Woods,Trillium flexipes,14.4,21.2,2.5,50
McGilvra Woods,Trillium flexipes,15.2,20.7,1.8,50
McGilvra Woods,Trillium flexipes,16.7,20.5,0.5,50
McGilvra Woods,Trillium flexipes,16.7,20.8,0.1,25
McGilvra Woods,Trillium flexipes,17.1,22.3,1.3,50
McGilvra Woods,Trillium flexipes,21.1,22.4,1.9,50
McGilvra Woods,Trillium flexipes,21.9,22.2,2.4,50
McGilvra Woods,Trillium flexipes,22.3,22.1,2.2,50
McGilvra Woods,Trillium flexipes,22.3,20.9,2,50
McGilvra Woods,Trillium flexipes,23.2,21.8,1.6,50
McGilvra Woods,Trillium flexipes,23,21.8,1.8,50
McGilvra Woods,Trillium flexipes,23.3,23,1,50
McGilvra Woods,Sanguinaria canadensis,23.7,21.5,1.5,50
McGilvra Woods,Trillium flexipes,23.8,21,2.1,50
McGilvra Woods,Trillium flexipes,24,22.5,0.6,50
McGilvra Woods,Trillium flexipes,24.1,23.5,0.6,18
McGilvra Woods,Trillium flexipes,25.5,23.5,1.6,38
McGilvra Woods,Trillium flexipes,25.7,23.1,1.7,20
McGilvra Woods,Sanguinaria canadensis,27.9,21.2,4.2,50
McGilvra Woods,Trillium flexipes,28.5,23.6,3.7,50
McGilvra Woods,Trillium flexipes,29.5,24.2,4.5,50
McGilvra Woods,Trillium flexipes,30.3,24.2,5.4,50
McGilvra Woods,Trillium flexipes,31,23.8,6.1,50
McGilvra Woods,Trillium flexipes,31.4,23.1,5.7,50
McGilvra Woods,Trillium flexipes,30.9,20.1,4.4,50
McGilvra Woods,Sanguinaria canadensis,32.8,22.1,4.3,50
McGilvra Woods,Sanguinaria canadensis,33.1,23.1,5.1,50
McGilvra Woods,Trillium flexipes,32.8,23.7,5.7,16
McGilvra Woods,Trillium flexipes,33.1,24.4,5.1,50
McGilvra Woods,Trillium flexipes,34,23.7,4.3,50
McGilvra Woods,Trillium flexipes,34.6,24.5,4.5,50
McGilvra Woods,Anemone acutiloba,35.4,24.2,4,50
McGilvra Woods,Trillium flexipes,35.6,24.1,3.7,50
McGilvra Woods,Trillium flexipes,36,24.5,3.4,50
McGilvra Woods,Anemone acutiloba,36.4,21.4,0.9,24
McGilvra Woods,Sanguinaria canadensis,36.3,21.3,0.9,16
McGilvra Woods,Sanguinaria canadensis,35.8,21.4,1.4,50
McGilvra Woods,Sanguinaria canadensis,35.9,21.5,1.4,50
McGilvra Woods,Sanguinaria canadensis,35.2,21.5,2,37
McGilvra Woods,Trillium flexipes,36.1,21.2,1,50
McGilvra Woods,Trillium flexipes,35.8,21.2,1.3,50
McGilvra Woods,Anemone acutiloba,36,20.7,0.8,50
McGilvra Woods,Anemone acutiloba,34.5,20,1.8,13
McGilvra Woods,Anemone acutiloba,37.4,20.4,0.5,20
McGilvra Woods,Trillium flexipes,37.6,21.7,1.3,50
McGilvra Woods,Anemone acutiloba,38.2,21.4,1.3,27
McGilvra Woods,Anemone acutiloba,38.3,20.9,0.9,18
McGilvra Woods,Anemone acutiloba,38.6,21.2,0.9,16
McGilvra Woods,Trillium flexipes,38.7,20.1,0.3,27
McGilvra Woods,Sanguinaria canadensis,39.4,21.3,0.9,50
McGilvra Woods,Sanguinaria canadensis,39.8,21.3,1.1,7
McGilvra Woods,Trillium flexipes,40.2,20.6,1,50
McGilvra Woods,Trillium flexipes,40.3,20.6,0.8,50
McGilvra Woods,Anemone acutiloba,40.5,20.5,0.6,23
McGilvra Woods,Trillium flexipes,40.1,22.7,2.3,50
McGilvra Woods,Trillium flexipes,39.3,22.3,2,50
McGilvra Woods,Trillium flexipes,38.5,22.8,2.6,20
McGilvra Woods,Anemone acutiloba,38.2,23.8,1.9,14
McGilvra Woods,Trillium flexipes,38.3,24.5,1.7,15
McGilvra Woods,Trillium flexipes,38.2,24.7,1.6,22
McGilvra Woods,Anemone acutiloba,38.9,23.8,1.5,38
McGilvra Woods,Anemone acutiloba,39.5,24.7,0.5,27
McGilvra Woods,Anemone acutiloba,39.6,23.9,1.3,28
McGilvra Woods,Anemone acutiloba,39.6,23.3,1.7,9
McGilvra Woods,Anemone acutiloba,39.9,23.8,1.5,16
McGilvra Woods,Trillium flexipes,40.1,22.6,2.4,12
McGilvra Woods,Sanguinaria canadensis,39.3,21.3,0.9,34
McGilvra Woods,Sanguinaria canadensis,39.9,21.2,1.1,50
McGilvra Woods,Anemone acutiloba,41.4,22.2,2.2,50
McGilvra Woods,Sanguinaria canadensis,42,21.5,1.5,39
McGilvra Woods,Anemone acutiloba,41.7,21.2,1,25
McGilvra Woods,Anemone acutiloba,41.6,20.5,0.5,26
McGilvra Woods,Anemone acutiloba,42.7,21.9,1.5,50
McGilvra Woods,Anemone acutiloba,42.9,21.2,1.1,34
McGilvra Woods,Anemone acutiloba,42.4,23.3,0.5,50
McGilvra Woods,Anemone acutiloba,42.3,23.5,0.7,21
McGilvra Woods,Anemone acutiloba,42.1,23.2,0.9,19
McGilvra Woods,Anemone acutiloba,41.3,24.2,1.1,25
McGilvra Woods,Anemone acutiloba,41.9,24.5,0.7,50
McGilvra Woods,Anemone acutiloba,43,24.2,0.3,22
McGilvra Woods,Anemone acutiloba,43,24.4,0.5,10
McGilvra Woods,Anemone acutiloba,43.1,24.5,0.6,22
McGilvra Woods,Anemone acutiloba,43.2,24.4,0.5,13
McGilvra Woods,Anemone acutiloba,43.2,24.3,0.3,14
McGilvra Woods,Sanguinaria canadensis,43.4,24.6,0.8,22
McGilvra Woods,Sanguinaria canadensis,43.4,24.9,0.9,50
McGilvra Woods,Trillium flexipes,43.9,24.9,1,50
McGilvra Woods,Sanguinaria canadensis,43.8,24.2,0.4,36
McGilvra Woods,Sanguinaria canadensis,43.7,24.2,0.3,16
McGilvra Woods,Anemone acutiloba,44.1,24,0.3,12
McGilvra Woods,Anemone acutiloba,44.1,24.2,0.5,22
McGilvra Woods,Anemone acutiloba,44.3,24.2,0.6,27
McGilvra Woods,Anemone acutiloba,44.7,24.1,0.4,23
McGilvra Woods,Trillium flexipes,44.3,24.6,0.9,50
McGilvra Woods,Trillium flexipes,44.5,24.7,1.1,50
McGilvra Woods,Anemone acutiloba,45,24.9,1.3,14
McGilvra Woods,Anemone acutiloba,45.3,24.7,1.4,50
McGilvra Woods,Anemone acutiloba,45.2,24.5,1.2,25
McGilvra Woods,Anemone acutiloba,45,24.5,1.1,11
McGilvra Woods,Anemone acutiloba,44.9,24.3,0.7,32
McGilvra Woods,Anemone acutiloba,44.9,24.1,0.5,50
McGilvra Woods,Trillium flexipes,45.1,23.3,0.5,11
McGilvra Woods,Trillium flexipes,44.9,23.1,0.4,12
McGilvra Woods,Trillium flexipes,44.7,23.1,0.1,27
McGilvra Woods,Trillium flexipes,44.5,23,0.2,28
McGilvra Woods,Trillium flexipes,44.6,22.7,0.3,20
McGilvra Woods,Anemone acutiloba,44.6,22.3,0.7,15
McGilvra Woods,Trillium flexipes,44.4,22.1,0.8,26
McGilvra Woods,Trillium flexipes,45.1,21.7,1.6,20
McGilvra Woods,Trillium flexipes,43.3,22.3,1,19
McGilvra Woods,Trillium flexipes,43.5,21.4,1.8,18
McGilvra Woods,Anemone acutiloba,43.6,21,2.2,20
McGilvra Woods,Anemone acutiloba,43.6,20.3,2.4,24
McGilvra Woods,Trillium flexipes,46.1,21.7,2.2,50
McGilvra Woods,Sanguinaria canadensis,46.2,21.4,2.5,19
McGilvra Woods,Trillium flexipes,46,22.2,1.8,50
McGilvra Woods,Anemone acutiloba,46.4,23.4,1.5,29
McGilvra Woods,Anemone acutiloba,46.7,23.6,2,12
McGilvra Woods,Anemone acutiloba,46.8,23.4,1.8,40
McGilvra Woods,Anemone acutiloba,46.5,23.2,1.7,31
McGilvra Woods,Trillium flexipes,48.5,23.7,3.5,46
McGilvra Woods,Trillium flexipes,48.7,22.5,4.7,31
McGilvra Woods,Trillium flexipes,48,22.4,3.5,50
McGilvra Woods,Trillium flexipes,47.4,22.2,3.1,50
McGilvra Woods,Trillium flexipes,47.6,22.1,3.2,50
McGilvra Woods,Trillium flexipes,47.3,21.9,2.9,50
McGilvra Woods,Trillium flexipes,47.6,21.6,3.4,15
McGilvra Woods,Trillium flexipes,47.2,20.8,3.5,50
McGilvra Woods,Trillium flexipes,48,20.1,4.5,50
McGilvra Woods,Trillium flexipes,48.8,20.8,4.8,50
McGilvra Woods,Trillium flexipes,34.4,37.2,2,50
McGilvra Woods,Trillium flexipes,36.6,38.1,0.5,24
McGilvra Woods,Trillium flexipes,36.8,37.9,0.4,50
McGilvra Woods,Trillium flexipes,37.1,37.5,0.5,50
McGilvra Woods,Trillium flexipes,38.1,38.4,1.5,50
McGilvra Woods,Trillium flexipes,38.9,38.5,2.1,50
McGilvra Woods,Trillium flexipes,39.1,38.5,2.2,50
McGilvra Woods,Trillium flexipes,38.9,37.3,1.9,50
McGilvra Woods,Trillium flexipes,42.2,36.6,1.8,50
McGilvra Woods,Trillium flexipes,44.3,37.5,0.7,50
McGilvra Woods,Trillium flexipes,45.9,38.6,2.2,50
McGilvra Woods,Trillium flexipes,46,38,1.8,50
McGilvra Woods,Trillium flexipes,46.3,37.8,2.1,50
McGilvra Woods,Trillium flexipes,0.4,42.9,0.3,12
McGilvra Woods,Trillium flexipes,0.6,43.3,0.7,50
McGilvra Woods,Trillium flexipes,1.8,44.3,1.4,50
McGilvra Woods,Trillium flexipes,2.9,43.8,1.1,15
McGilvra Woods,Trillium flexipes,2.4,40.7,1.3,14
McGilvra Woods,Trillium flexipes,3.6,43,1.8,50
McGilvra Woods,Trillium flexipes,3.7,42.6,1.5,50
McGilvra Woods,Trillium flexipes,4.3,41.4,0.3,38
McGilvra Woods,Trillium flexipes,5.5,41.1,1.3,50
McGilvra Woods,Trillium flexipes,7.5,41.2,0.4,15
McGilvra Woods,Anemone acutiloba,7.7,41.6,0.1,7
McGilvra Woods,Trillium flexipes,8.4,42.4,0.7,20
McGilvra Woods,Trillium flexipes,9,43.1,1.9,50
McGilvra Woods,Anemone acutiloba,8.5,41.5,0.2,18
McGilvra Woods,Trillium flexipes,10.3,44.9,1.3,50
McGilvra Woods,Trillium flexipes,11.5,42.8,1.9,26
McGilvra Woods,Trillium flexipes,9.4,45.1,1,12
McGilvra Woods,Trillium flexipes,9.5,45.2,1,50
McGilvra Woods,Sanguinaria canadensis,10.6,49.9,0.3,29
McGilvra Woods,Anemone acutiloba,11,48.5,0.1,3
McGilvra Woods,Trillium flexipes,11.1,48.1,0.5,50
McGilvra Woods,Anemone acutiloba,13.3,47.7,2.8,50
McGilvra Woods,Trillium flexipes,13.6,48,2.5,50
McGilvra Woods,Anemone acutiloba,13.7,48.3,2.1,50
McGilvra Woods,Trillium flexipes,14.9,48,1.5,50
McGilvra Woods,Sanguinaria canadensis,15.9,48.4,0.4,50
McGilvra Woods,Trillium flexipes,16,48.1,0.7,50
McGilvra Woods,Trillium flexipes,15,47.9,1.6,50
McGilvra Woods,Trillium flexipes,15.5,47.3,1.6,23
McGilvra Woods,Trillium flexipes,15.2,47.2,1.8,14
McGilvra Woods,Anemone acutiloba,15.6,47,2.5,50
McGilvra Woods,Sanguinaria canadensis,14.4,45.5,0.6,13
McGilvra Woods,Sanguinaria canadensis,14.3,45.3,0.5,40
McGilvra Woods,Anemone acutiloba,13.2,45.5,0.8,17
McGilvra Woods,Trillium flexipes,18.5,49.5,2.3,50
McGilvra Woods,Trillium flexipes,19.1,48.5,2.9,50
McGilvra Woods,Sanguinaria canadensis,21,46.5,3.2,50
McGilvra Woods,Sanguinaria canadensis,20.9,46.6,3.3,50
McGilvra Woods,Trillium flexipes,25.8,45.7,2.8,50
McGilvra Woods,Trillium flexipes,29.9,48.8,2.6,50
McGilvra Woods,Trillium flexipes,30.1,48,2.3,13
McGilvra Woods,Trillium flexipes,30.8,47.2,1.9,50
McGilvra Woods,Trillium flexipes,30.7,46.7,2.4,50
McGilvra Woods,Trillium flexipes,31.8,46.9,1.3,50
McGilvra Woods,Trillium flexipes,32.3,48.1,0.7,50
McGilvra Woods,Trillium flexipes,12.3,44.6,0.6,50
McGilvra Woods,Anemone acutiloba,14.6,43.2,1.8,12
McGilvra Woods,Trillium flexipes,15.9,42.6,3,50
McGilvra Woods,Trillium flexipes,15.6,41.8,2.7,50
McGilvra Woods,Trillium flexipes,16.7,40.9,2.1,50
McGilvra Woods,Trillium flexipes,15.7,40.3,1,50
McGilvra Woods,Trillium flexipes,22.1,43.4,0.7,50
McGilvra Woods,Trillium flexipes,22.1,43.2,0.8,50
McGilvra Woods,Trillium flexipes,21.8,42.6,0.9,50
McGilvra Woods,Trillium flexipes,21.7,42.1,1.4,50
McGilvra Woods,Trillium flexipes,23.3,42.8,1.9,50
McGilvra Woods,Trillium flexipes,24.5,43.9,3,50
McGilvra Woods,Trillium flexipes,25.5,43.7,4.1,50
McGilvra Woods,Trillium flexipes,26.4,44,3.6,50
McGilvra Woods,Trillium flexipes,27.1,44.8,3.6,50
McGilvra Woods,Trillium flexipes,28.5,42.5,2.9,50
McGilvra Woods,Trillium flexipes,27.3,48.9,2.3,50
McGilvra Woods,Trillium flexipes,27.9,42.9,1.8,50
McGilvra Woods,Trillium flexipes,28,43,1.8,50
McGilvra Woods,Trillium flexipes,28.3,43.2,1.7,50
McGilvra Woods,Trillium flexipes,29,43.6,1.8,50
McGilvra Woods,Trillium flexipes,29.4,42,0.3,16
McGilvra Woods,Trillium flexipes,28.9,42.2,0.5,36
McGilvra Woods,Trillium flexipes,27.6,41.7,1.6,50
McGilvra Woods,Trillium flexipes,28.9,41.3,0.4,5
McGilvra Woods,Trillium flexipes,27.6,40.1,2.1,50
McGilvra Woods,Trillium flexipes,30,41.7,0.4,39
McGilvra Woods,Trillium flexipes,30.3,41.4,0.8,50
McGilvra Woods,Trillium flexipes,30.6,41.2,1.1,50
McGilvra Woods,Sanguinaria canadensis,36.1,41.8,3.2,20
McGilvra Woods,Anemone acutiloba,36.8,44.5,1,37
McGilvra Woods,Anemone acutiloba,37.2,44.9,0.5,17
McGilvra Woods,Anemone acutiloba,37.4,44.6,0.6,35
McGilvra Woods,Trillium flexipes,38,43.2,1.8,50
McGilvra Woods,Trillium flexipes,38.4,41.2,2,50
McGilvra Woods,Trillium flexipes,38.4,40.5,2.1,50
McGilvra Woods,Trillium flexipes,38.4,40,2.4,50
McGilvra Woods,Trillium flexipes,39.2,40.8,1.3,16
McGilvra Woods,Sanguinaria canadensis,39.5,40.7,2.3,50
McGilvra Woods,Trillium flexipes,40.1,41.1,0.4,50
McGilvra Woods,Trillium flexipes,40.1,42.1,1,50
McGilvra Woods,Trillium flexipes,42.3,40.3,2.1,16
McGilvra Woods,Trillium flexipes,42.7,40.2,2.4,10
McGilvra Woods,Trillium flexipes,43.9,41.2,3.3,50
McGilvra Woods,Trillium flexipes,45.6,40.8,3.8,50
McGilvra Woods,Trillium flexipes,47.3,42,3.8,50
McGilvra Woods,Anemone acutiloba,1.2,47,3.2,17
McGilvra Woods,Trillium flexipes,1.9,47.7,3.1,50
McGilvra Woods,Anemone acutiloba,3.4,46.2,1.3,33
McGilvra Woods,Anemone acutiloba,3.7,46.3,1.4,17
McGilvra Woods,Anemone acutiloba,3.8,46.7,2,14
McGilvra Woods,Anemone acutiloba,4.4,47.4,2.8,40
McGilvra Woods,Trillium flexipes,4.6,47.3,2.8,50
McGilvra Woods,Trillium flexipes,4.3,46.1,1.6,50
McGilvra Woods,Trillium flexipes,4.7,46.5,2.2,50
McGilvra Woods,Trillium flexipes,5,45.7,1.9,50
McGilvra Woods,Trillium flexipes,5.7,47.9,2.6,50
McGilvra Woods,Trillium flexipes,6.6,47.8,1.9,50
McGilvra Woods,Sanguinaria canadensis,0.7,27.7,0.8,31
McGilvra Woods,Sanguinaria canadensis,1,27.8,0.7,50
McGilvra Woods,Trillium flexipes,0.3,29,2.2,50
McGilvra Woods,Anemone acutiloba,3.3,28.7,2.1,50
McGilvra Woods,Anemone acutiloba,3.2,27.5,1.4,50
McGilvra Woods,Trillium flexipes,3.8,25.5,2.5,20
McGilvra Woods,Trillium flexipes,5,28.5,2.1,50
McGilvra Woods,Trillium flexipes,6,29.1,0.6,22
McGilvra Woods,Anemone acutiloba,6.1,27.1,2.5,12
McGilvra Woods,Trillium flexipes,6,26.4,3.3,50
McGilvra Woods,Sanguinaria canadensis,6.8,26.9,3.1,50
McGilvra Woods,Trillium flexipes,7.8,29,1.2,50
McGilvra Woods,Trillium flexipes,8.8,29.5,0.3,9
McGilvra Woods,Trillium flexipes,10.4,27.6,2.2,29
McGilvra Woods,Trillium flexipes,11.4,28.2,1.8,28
McGilvra Woods,Trillium flexipes,11.9,26.2,0.3,20
McGilvra Woods,Trillium flexipes,13.2,29.1,1.1,50
McGilvra Woods,Trillium flexipes,14.5,27.1,2.1,50
McGilvra Woods,Sanguinaria canadensis,18.2,30,1.6,42
McGilvra Woods,Trillium flexipes,20.3,30,0.5,50
McGilvra Woods,Anemone acutiloba,23.1,29.9,0.5,50
McGilvra Woods,Trillium flexipes,22.5,28,3.1,13
McGilvra Woods,Anemone acutiloba,23.1,25.4,0.9,16
McGilvra Woods,Trillium flexipes,29.3,26.1,3.5,50
McGilvra Woods,Anemone acutiloba,29.4,28.4,1.7,15
McGilvra Woods,Anemone acutiloba,29.1,29,1.9,13
McGilvra Woods,Anemone acutiloba,29.5,29.5,1.7,22
McGilvra Woods,Trillium flexipes,29.4,30,2,50
McGilvra Woods,Anemone acutiloba,30.6,29.6,0.5,1
McGilvra Woods,Trillium flexipes,32,28.1,1.3,50
McGilvra Woods,Trillium flexipes,31.7,28,1.2,13
McGilvra Woods,Trillium flexipes,31.8,27.7,1.4,23
McGilvra Woods,Trillium flexipes,32,27.6,1.6,40
McGilvra Woods,Trillium flexipes,32.4,30,0.2,30
McGilvra Woods,Trillium flexipes,31.6,25.4,3.6,50
McGilvra Woods,Trillium flexipes,32,25.5,3.6,50
McGilvra Woods,Trillium flexipes,33.9,25.8,4.2,50
McGilvra Woods,Trillium flexipes,36.8,29.1,4.4,20
McGilvra Woods,Trillium flexipes,37,29,4,19
McGilvra Woods,Trillium flexipes,37.9,29.1,3.7,17
McGilvra Woods,Trillium flexipes,37,27.8,3.2,50
McGilvra Woods,Trillium flexipes,37.4,26.6,2.3,50
McGilvra Woods,Trillium flexipes,37.8,26.5,1.7,50
McGilvra Woods,Anemone acutiloba,38,26.2,1.6,22
McGilvra Woods,Anemone acutiloba,38.6,26.6,1.4,29
McGilvra Woods,Anemone acutiloba,38.6,26.2,1.1,17
McGilvra Woods,Anemone acutiloba,38.7,26.1,0.9,50
McGilvra Woods,Anemone acutiloba,38.6,26,1,50
McGilvra Woods,Anemone acutiloba,38.1,25.2,1.4,21
McGilvra Woods,Trillium flexipes,38.4,25.4,1.1,50
McGilvra Woods,Anemone acutiloba,38.7,25.4,0.8,30
McGilvra Woods,Trillium flexipes,39.2,26,0.5,50
McGilvra Woods,Trillium flexipes,39.4,26,0.3,50
McGilvra Woods,Trillium flexipes,39.6,26,0.4,21
McGilvra Woods,Anemone acutiloba,39.4,25.9,0.2,3
McGilvra Woods,Anemone acutiloba,39.5,26.1,0.4,26
McGilvra Woods,Anemone acutiloba,39.6,26.3,0.7,8
McGilvra Woods,Trillium flexipes,39.5,26.5,0.8,50
McGilvra Woods,Trillium flexipes,40.3,26.1,0.3,17
McGilvra Woods,Trillium flexipes,40.2,26.4,0.7,24
McGilvra Woods,Trillium flexipes,40.2,26.7,0.9,18
McGilvra Woods,Trillium flexipes,40.2,26.8,1.8,26
McGilvra Woods,Trillium flexipes,40.2,27,1.9,50
McGilvra Woods,Trillium flexipes,40.2,29.7,3,37
McGilvra Woods,Anemone acutiloba,39.9,25,0.1,15
McGilvra Woods,Trillium flexipes,40.8,30,2.1,50
McGilvra Woods,Anemone acutiloba,40.9,26.7,1,28
McGilvra Woods,Trillium flexipes,40.7,26,0.6,15
McGilvra Woods,Trillium flexipes,40.9,25,0.8,46
McGilvra Woods,Anemone acutiloba,41.9,25.9,1.3,22
McGilvra Woods,Trillium flexipes,42.1,25.8,1.2,14
McGilvra Woods,Trillium flexipes,42.2,25.3,0.9,42
McGilvra Woods,Trillium flexipes,42.6,27.7,0.8,22
McGilvra Woods,Trillium flexipes,43.6,28.8,0.6,50
McGilvra Woods,Trillium flexipes,43.9,28.6,0.2,23
McGilvra Woods,Trillium flexipes,44.4,29.4,0.6,25
McGilvra Woods,Trillium flexipes,44.8,29.7,1,50
McGilvra Woods,Trillium flexipes,45.6,29.4,1.1,23
McGilvra Woods,Trillium flexipes,45.4,27.9,0.9,50
McGilvra Woods,Anemone acutiloba,45,27.9,0.4,4
McGilvra Woods,Trillium flexipes,42.5,27.7,0.8,16
McGilvra Woods,Trillium flexipes,43.6,27,1.2,14
McGilvra Woods,Anemone acutiloba,44.2,27.2,0.5,29
McGilvra Woods,Sanguinaria canadensis,44.6,26.6,1.4,50
McGilvra Woods,Trillium flexipes,44.4,26,1,50
McGilvra Woods,Anemone acutiloba,44.6,25.3,1.2,50
McGilvra Woods,Anemone acutiloba,45.3,25.3,1.5,9
McGilvra Woods,Anemone acutiloba,46.1,25.4,1,50
McGilvra Woods,Trillium flexipes,46,26.7,0.4,24
McGilvra Woods,Anemone acutiloba,48.7,27.2,0.3,14
McGilvra Woods,Anemone acutiloba,48.6,28.2,0.2,1
McGilvra Woods,Anemone acutiloba,48.8,28.4,0.3,12
McGilvra Woods,Sanguinaria canadensis,47.9,29.2,1.7,12
McGilvra Woods,Trillium flexipes,48.4,27.4,1.8,50
McGilvra Woods,Trillium flexipes,48.5,26.1,1.6,50
McGilvra Woods,Trillium flexipes,48.8,25.8,1.8,50
McGilvra Woods,Anemone acutiloba,49.2,27.7,2.8,12
McGilvra Woods,Sanguinaria canadensis,49.4,26.1,2.5,50
McGilvra Woods,Sanguinaria canadensis,0.8,34,0.5,10
McGilvra Woods,Trillium flexipes,1.7,34,0.5,50
McGilvra Woods,Trillium flexipes,2.5,30.5,3,50
McGilvra Woods,Trillium flexipes,2.9,30.5,3.1,50
McGilvra Woods,Trillium flexipes,5.7,32.4,2.6,50
McGilvra Woods,Trillium flexipes,8.6,34.4,0.7,50
McGilvra Woods,Trillium flexipes,8.8,31.4,0.6,30
McGilvra Woods,Trillium flexipes,8.9,31.3,0.4,28
McGilvra Woods,Trillium flexipes,10.9,30.2,1.3,50
McGilvra Woods,Trillium flexipes,13.5,30.5,0.6,19
McGilvra Woods,Trillium flexipes,13.9,34.1,2.6,50
McGilvra Woods,Trillium flexipes,19.3,30.9,2.6,50
McGilvra Woods,Sanguinaria canadensis,22.2,31,1.7,50
McGilvra Woods,Anemone acutiloba,25.2,32.6,2.5,50
McGilvra Woods,Trillium flexipes,26.6,32.3,1.5,31
McGilvra Woods,Trillium flexipes,26.4,30.3,1.7,19
McGilvra Woods,Anemone acutiloba,26.4,30.5,1.7,50
McGilvra Woods,Trillium flexipes,26.4,30.7,1.6,50
McGilvra Woods,Trillium flexipes,31.5,31.2,1.7,50
McGilvra Woods,Trillium flexipes,31.9,30.9,1.3,19
McGilvra Woods,Trillium flexipes,32.3,30,0.3,16
McGilvra Woods,Trillium flexipes,33.8,30.9,1.4,50
McGilvra Woods,Trillium flexipes,33.8,31.3,1.7,50
McGilvra Woods,Trillium flexipes,35.4,33,2.5,50
McGilvra Woods,Trillium flexipes,36.8,34.1,3.5,50
McGilvra Woods,Trillium flexipes,36.6,32.3,3.8,50
McGilvra Woods,Trillium flexipes,38.5,34.5,3.3,50
McGilvra Woods,Trillium flexipes,38.1,33,4.5,16
McGilvra Woods,Trillium flexipes,38,32.6,5.1,50
McGilvra Woods,Trillium flexipes,37.9,32.2,5.2,50
McGilvra Woods,Trillium flexipes,38,31.6,5.6,50
McGilvra Woods,Trillium flexipes,38.9,31.3,4.5,50
McGilvra Woods,Trillium flexipes,40.5,31.3,3.3,50
McGilvra Woods,Trillium flexipes,41.1,30.4,2.2,16
McGilvra Woods,Trillium flexipes,41.3,30.2,2,15
McGilvra Woods,Trillium flexipes,41.4,30.1,1.8,50
McGilvra Woods,Sanguinaria canadensis,41.7,30.4,1.7,50
McGilvra Woods,Trillium flexipes,45,30.6,2,50
McGilvra Woods,Trillium flexipes,45.3,30.3,1.8,50
McGilvra Woods,Trillium flexipes,46.2,34,3.1,50
McGilvra Woods,Trillium flexipes,46.6,33.8,2.5,24
McGilvra Woods,Trillium flexipes,2.1,36.7,3.1,50
McGilvra Woods,Trillium flexipes,3.5,36.5,3.3,21
McGilvra Woods,Trillium flexipes,3.8,37.4,3.4,50
McGilvra Woods,Trillium flexipes,6.8,39.1,2.4,50
McGilvra Woods,Trillium flexipes,7,38.9,2.3,50
McGilvra Woods,Anemone acutiloba,7.3,39.1,2.1,18
McGilvra Woods,Trillium flexipes,6.9,38,3.4,50
McGilvra Woods,Trillium flexipes,8.5,37.7,3.5,50
McGilvra Woods,Trillium flexipes,8.5,36.8,3.2,50
McGilvra Woods,Trillium flexipes,7.4,35.9,2.3,50
McGilvra Woods,Trillium flexipes,9.1,35.2,1.7,50
McGilvra Woods,Trillium flexipes,12.9,36.6,1.7,50
McGilvra Woods,Trillium flexipes,13.2,35.2,3,50
McGilvra Woods,Anemone acutiloba,13.9,38.6,0.1,8
McGilvra Woods,Trillium flexipes,18,38.9,2.3,50
McGilvra Woods,Trillium flexipes,19,37.3,0.8,41
McGilvra Woods,Trillium flexipes,19,37.7,0.8,17
McGilvra Woods,Anemone acutiloba,19.5,37.9,0.5,15
McGilvra Woods,Trillium flexipes,19.7,37.9,0.3,26
McGilvra Woods,Trillium flexipes,19.3,37.3,0.4,19
McGilvra Woods,Anemone acutiloba,19.2,37.2,0.1,2
McGilvra Woods,Anemone acutiloba,19.2,37.3,0.2,14
McGilvra Woods,Anemone acutiloba,21.4,38.4,1.9,17
McGilvra Woods,Anemone acutiloba,21.3,38,1.5,50
McGilvra Woods,Trillium flexipes,23.3,37.2,1.4,50
McGilvra Woods,Anemone acutiloba,23,36.6,0.8,14
McGilvra Woods,Anemone acutiloba,22.4,36,0.1,3
McGilvra Woods,Anemone acutiloba,23.9,30.4,0.4,26
McGilvra Woods,Trillium flexipes,27.8,38.8,2.9,50
McGilvra Woods,Trillium flexipes,29.2,38.7,3.2,50
McGilvra Woods,Trillium flexipes,27.8,37,3.4,50
McGilvra Woods,Trillium flexipes,28.1,36.3,3.1,50
McGilvra Woods,Trillium flexipes,27.2,30.6,2.6,50
McGilvra Woods,Trillium flexipes,31.1,36,0.3,24
McGilvra Woods,Trillium flexipes,31.5,36.1,0.3,20
